{
  "mean": [
    0.1265,
    4.468533636659384,
    9.153,
    0.753,
    0.8896985227912665,
    0.10575,
    0.6017717366889119,
    0.49808333511278036,
    0.09675,
    0.12875,
    0.148,
    0.18925
  ],
  "scale": [
    0.3324120184349502,
    1.255004143577024,
    8.473847473255546,
    0.43126673880558625,
    0.08387962059540609,
    0.3075173775577517,
    0.251285503416821,
    0.3364589985680092,
    0.29561704534752054,
    0.33492303220293135,
    0.3550999859194678,
    0.3917070812482188
  ],
  "optimal_threshold": 0.7242274284362793
}